name,C,H,N,O,Experiment,Calculation,Use_to_train
H2O,0,2,0,1,-241.83,-242.2733453,1
NH3,0,3,1,0,-45.9,-98.27902955,1
HN3,0,1,3,0,264,185.4422166,1
CO2,1,0,0,2,-393.52,-1137.389589,1
CH4,1,4,0,0,-74.87,-881.3016195,1
CH3OH,1,4,0,1,-205,-999.7373962,1
C2H5OH,2,6,0,1,-234,-1822.480189,
GLYCINE,2,5,1,2,-390.5,-1987.22259,
CH3NO3,1,3,1,3,-122,-980.3641609,1
C2H5NO3,2,5,1,3,-155,-1802.010897,1
TMETN,5,9,3,9,,-4438.77585,
Nitroglycerin,3,5,3,9,-279.1,-2814.589527,
